Date,Scrip,Sector,Close,Return_252d_%,Return_50d_%,Return_20d_%,Rank_252d,Rank_50d,Rank_20d,Combined_Score_%,Overall_Rank,In_Portfolio,Sharpe_252d,RSI_14,Volatility_%,EMA200,Above_EMA200
2022-12-30,PSUBNKBEES,ETF - PSU Bank,47.81,75.32,36.56,4.96,1,1,1,38.95,1,YES,2.01,48.6,30.2,36.11,YES
2022-12-30,ICICIB22,ETF - Bharat 22 Index,57.18,30.04,6.58,-0.16,3,4,5,12.16,2,YES,1.63,43.6,17.1,52.59,YES
2022-12-30,CPSEETF,ETF - CPSE,38.06,30.48,4.65,-1.58,2,5,6,11.18,3,YES,1.38,44.6,20.8,36.1,YES
2022-12-30,BANKBEES,ETF - Bank,435.48,23.56,6.73,-0.03,5,3,4,10.09,4,YES,1.17,43.8,19.7,395.5,YES
2022-12-30,PVTBANIETF,ETF - Pvt Bank,21.74,23.8,4.47,0.23,4,6,3,9.5,5,YES,1.1,44.4,21.6,19.76,YES
2022-12-30,GOLDBEES,ETF - GOLD,46.79,12.5,8.34,1.98,7,2,2,7.61,6,,1.06,61.2,11.8,44.51,YES
2022-12-30,FMCGIETF,ETF - FMCG,45.22,21.92,1.21,-2.1,6,9,7,7.01,7,,1.41,27.3,14.8,42.66,YES
2022-12-30,NIFTYBEES,ETF - Top 50,198.04,7.31,3.78,-3.31,8,7,8,2.59,8,,0.52,37.5,15.8,190.54,YES
2022-12-30,LOWVOLIETF,ETF - Top 100,14.28,3.63,2.96,-3.77,9,8,11,0.94,9,,0.31,34.1,15.0,13.93,YES
2022-12-30,JUNIORBEES,ETF - Next 50,447.23,2.21,0.79,-3.61,10,10,10,-0.2,10,,0.21,36.3,18.5,440.68,YES
2022-12-30,PHARMABEES,ETF - Pharma,12.73,-7.15,-2.9,-3.56,11,11,9,-4.54,11,,-0.37,42.5,16.4,13.02,NO
2023-01-02,PSUBNKBEES,ETF - PSU Bank,48.24,75.1,35.43,4.66,1,1,1,38.4,1,YES,2.01,42.7,30.2,36.19,YES
2023-01-02,ICICIB22,ETF - Bharat 22 Index,57.68,30.03,6.54,0.17,3,4,3,12.25,2,YES,1.62,44.8,17.1,52.57,YES
2023-01-02,CPSEETF,ETF - CPSE,38.48,30.35,4.14,-2.01,2,6,6,10.83,3,YES,1.38,48.0,20.8,36.01,YES
2023-01-02,BANKBEES,ETF - Bank,437.18,23.36,7.69,-0.16,5,3,4,10.3,4,YES,1.16,42.4,19.7,395.51,YES
2023-01-02,PVTBANIETF,ETF - Pvt Bank,21.82,23.56,6.39,-0.32,4,5,5,9.87,5,YES,1.09,44.7,21.6,19.74,YES
2023-01-02,GOLDBEES,ETF - GOLD,47.17,13.36,9.6,2.34,7,2,2,8.43,6,,1.12,66.7,11.8,44.49,YES
2023-01-02,FMCGIETF,ETF - FMCG,45.19,21.51,0.24,-2.21,6,9,7,6.52,7,,1.39,27.1,14.8,42.68,YES
2023-01-02,NIFTYBEES,ETF - Top 50,199.34,7.0,4.13,-2.49,8,7,8,2.88,8,,0.51,38.0,15.8,190.36,YES
2023-01-02,LOWVOLIETF,ETF - Top 100,14.28,2.66,2.15,-3.38,9,8,9,0.47,9,,0.25,28.9,15.0,13.92,YES
2023-01-02,JUNIORBEES,ETF - Next 50,445.65,1.04,-0.56,-3.9,10,10,11,-1.14,10,,0.15,35.8,18.5,440.16,YES
2023-01-02,PHARMABEES,ETF - Pharma,12.68,-8.25,-3.87,-3.87,11,11,10,-5.33,11,,-0.44,38.9,16.4,13.01,NO
2023-02-01,GOLDBEES,ETF - GOLD,49.41,18.15,10.04,3.74,5,1,1,10.64,1,,1.46,77.5,11.9,45.48,YES
2023-02-01,FMCGIETF,ETF - FMCG,45.85,26.9,2.53,1.8,2,2,2,10.41,2,,1.69,63.3,14.7,43.5,YES
2023-02-01,ICICIB22,ETF - Bharat 22 Index,56.52,20.28,0.43,-1.81,3,3,4,6.3,3,YES,1.19,40.7,16.7,54.08,YES
2023-02-01,PSUBNKBEES,ETF - PSU Bank,42.05,32.78,-4.52,-13.26,1,10,11,5.0,4,YES,1.08,30.7,30.8,38.29,YES
2023-02-01,CPSEETF,ETF - CPSE,37.64,18.18,-1.54,-1.9,4,5,5,4.91,5,YES,0.91,50.9,20.7,36.98,YES
2023-02-01,LOWVOLIETF,ETF - Top 100,14.08,3.99,-1.47,-1.4,9,4,3,0.37,6,,0.34,44.6,14.5,14.04,YES
2023-02-01,PVTBANIETF,ETF - Pvt Bank,20.54,8.79,-3.75,-6.38,6,7,8,-0.45,7,YES,0.5,31.5,21.4,20.14,YES
2023-02-01,NIFTYBEES,ETF - Top 50,193.13,4.21,-3.06,-3.28,8,6,7,-0.71,8,,0.34,38.5,15.6,192.06,YES
2023-02-01,BANKBEES,ETF - Bank,410.42,7.5,-4.32,-6.56,7,9,9,-1.12,9,YES,0.47,30.0,19.7,403.3,YES
2023-02-01,PHARMABEES,ETF - Pharma,12.46,-3.49,-3.93,-2.27,10,8,6,-3.23,10,,-0.15,23.4,15.8,13.0,NO
2023-02-01,JUNIORBEES,ETF - Next 50,408.42,-3.54,-9.12,-8.95,11,11,10,-7.2,11,,-0.1,17.3,18.6,444.28,NO
2023-03-01,CPSEETF,ETF - CPSE,39.5,31.19,2.7,4.94,3,1,1,12.94,1,YES,1.45,71.0,20.1,37.03,YES
2023-03-01,PSUBNKBEES,ETF - PSU Bank,41.72,49.37,-12.46,-0.78,1,11,6,12.04,2,YES,1.53,38.8,29.0,38.54,YES
2023-03-01,ICICIB22,ETF - Bharat 22 Index,58.44,31.44,1.02,3.4,2,3,2,11.95,3,YES,1.82,62.8,15.7,54.36,YES
2023-03-01,FMCGIETF,ETF - FMCG,46.38,30.43,-0.81,1.16,4,4,3,10.26,4,,1.93,41.9,14.3,43.95,YES
2023-03-01,PVTBANIETF,ETF - Pvt Bank,20.58,16.53,-5.86,0.19,5,8,5,3.62,5,YES,0.88,34.0,19.6,20.11,YES
2023-03-01,BANKBEES,ETF - Bank,412.37,14.68,-6.28,0.48,6,10,4,2.96,6,YES,0.85,37.9,18.1,402.34,YES
2023-03-01,GOLDBEES,ETF - GOLD,47.77,7.06,2.18,-3.32,9,2,10,1.97,7,,0.64,29.2,11.6,45.7,YES
2023-03-01,LOWVOLIETF,ETF - Top 100,13.94,7.31,-3.8,-0.99,7,5,8,0.84,8,,0.59,34.0,13.4,14.0,NO
2023-03-01,NIFTYBEES,ETF - Top 50,191.28,7.24,-4.94,-0.96,8,7,7,0.45,9,,0.56,32.6,14.4,191.23,YES
2023-03-01,PHARMABEES,ETF - Pharma,11.93,-5.24,-6.21,-4.25,12,9,11,-5.24,10,,-0.28,18.5,15.0,12.75,NO
2023-03-01,JUNIORBEES,ETF - Next 50,398.97,-1.07,-13.06,-2.31,10,12,9,-5.48,11,,0.03,35.6,17.5,431.43,NO
2023-03-01,SILVERBEES,ETF - SILVER,63.76,-4.81,-4.85,-7.2,11,6,12,-5.62,12,,-0.11,32.6,22.2,62.37,YES
2023-04-03,FMCGIETF,ETF - FMCG,46.87,29.51,2.83,1.58,2,4,4,11.31,1,,1.98,57.7,13.5,44.4,YES
2023-04-03,PSUBNKBEES,ETF - PSU Bank,41.49,40.36,-11.23,-0.62,1,12,12,9.5,2,YES,1.31,49.7,29.2,38.99,YES
2023-04-03,GOLDBEES,ETF - GOLD,50.8,14.98,4.83,6.25,6,1,2,8.69,3,,1.27,67.5,11.5,46.42,YES
2023-04-03,CPSEETF,ETF - CPSE,40.03,19.07,4.0,1.14,4,2,5,8.07,4,YES,1.02,49.5,18.8,37.39,YES
2023-04-03,ICICIB22,ETF - Bharat 22 Index,58.89,21.85,1.24,0.93,3,5,6,8.0,5,YES,1.37,49.9,15.3,55.0,YES
2023-04-03,SILVERBEES,ETF - SILVER,70.39,6.03,3.21,11.36,8,3,1,6.87,6,,0.38,85.2,21.8,62.97,YES
2023-04-03,PVTBANIETF,ETF - Pvt Bank,20.55,15.32,-4.11,0.39,5,9,10,3.87,7,YES,0.87,65.9,18.4,20.04,YES
2023-04-03,BANKBEES,ETF - Bank,412.37,14.27,-4.1,0.69,7,8,8,3.62,8,YES,0.86,64.3,17.1,401.52,YES
2023-04-03,LOWVOLIETF,ETF - Top 100,14.05,4.85,-3.1,0.72,9,6,7,0.82,9,,0.44,61.8,12.6,13.94,YES
2023-04-03,NIFTYBEES,ETF - Top 50,190.56,1.78,-4.07,0.33,10,7,11,-0.65,10,,0.2,58.6,13.8,189.99,YES
2023-04-03,PHARMABEES,ETF - Pharma,12.2,-11.79,-4.76,2.35,12,10,3,-4.73,11,,-0.84,80.0,13.8,12.54,NO
2023-04-03,JUNIORBEES,ETF - Next 50,400.92,-6.83,-10.0,0.51,11,11,9,-5.44,12,,-0.34,52.1,16.7,423.03,NO
2023-05-02,PSUBNKBEES,ETF - PSU Bank,46.33,54.95,9.35,17.41,1,3,1,27.24,1,YES,1.64,84.8,29.3,39.94,YES
2023-05-02,ICICIB22,ETF - Bharat 22 Index,62.89,26.51,8.81,9.77,3,4,2,15.03,2,YES,1.67,90.5,14.7,56.04,YES
2023-05-02,FMCGIETF,ETF - FMCG,49.12,30.15,5.61,6.11,2,5,9,13.96,3,,2.06,83.7,13.2,45.48,YES
2023-05-02,CPSEETF,ETF - CPSE,42.2,16.93,10.56,9.7,6,2,3,12.39,4,YES,0.96,78.1,18.0,37.69,YES
2023-05-02,BANKBEES,ETF - Bank,437.85,20.48,4.91,9.46,4,7,4,11.62,5,YES,1.23,91.3,16.2,407.82,YES
2023-05-02,PVTBANIETF,ETF - Pvt Bank,21.71,20.08,3.88,9.32,5,9,5,11.09,6,YES,1.13,86.9,17.5,20.32,YES
2023-05-02,SILVERBEES,ETF - SILVER,72.99,11.76,11.23,6.85,8,1,7,9.95,7,,0.62,48.1,21.9,64.15,YES
2023-05-02,GOLDBEES,ETF - GOLD,51.31,14.28,5.42,1.79,7,6,13,7.16,8,,1.22,48.7,11.5,47.2,YES
2023-05-02,NIFTYBEES,ETF - Top 50,198.39,7.9,1.95,6.83,10,13,8,5.56,9,,0.64,79.2,13.1,191.36,YES
2023-05-02,LOWVOLIETF,ETF - Top 100,14.56,8.01,2.61,6.05,9,10,10,5.55,10,,0.69,77.9,12.2,14.05,YES
2023-05-02,GILT5YBEES,ETF - Fixed Income,51.91,5.57,2.43,1.05,11,11,14,3.02,11,,1.36,77.5,4.1,50.37,YES
2023-05-02,JUNIORBEES,ETF - Next 50,420.1,-5.34,4.12,7.14,13,8,6,1.97,12,,-0.26,76.8,16.2,422.91,NO
2023-05-02,PHARMABEES,ETF - Pharma,12.72,-5.15,2.33,5.91,12,12,11,1.03,13,,-0.31,61.5,13.9,12.58,YES
2023-05-02,TNIDETF,ETF - Digital,53.89,-13.12,-3.56,2.71,14,14,12,-4.66,14,,-0.58,56.5,20.5,54.77,NO
2023-06-01,PSUBNKBEES,ETF - PSU Bank,45.03,64.7,11.3,-2.83,1,5,11,24.39,1,YES,1.92,64.1,28.1,41.1,YES
2023-06-01,FMCGIETF,ETF - FMCG,52.51,35.97,13.61,6.21,2,1,1,18.59,2,,2.54,78.0,12.4,46.79,YES
2023-06-01,ICICIB22,ETF - Bharat 22 Index,63.35,33.51,7.21,0.33,3,9,9,13.68,3,YES,2.19,58.4,13.6,57.89,YES
2023-06-01,PVTBANIETF,ETF - Pvt Bank,22.21,26.19,12.91,1.55,4,2,6,13.55,4,YES,1.54,57.3,16.0,20.9,YES
2023-06-01,BANKBEES,ETF - Bank,445.77,25.91,12.46,1.04,5,3,7,13.14,5,YES,1.6,56.8,15.1,418.77,YES
2023-06-01,JUNIORBEES,ETF - Next 50,446.35,12.15,12.13,5.31,11,4,3,9.86,6,,0.86,75.8,14.6,429.35,YES
2023-06-01,LOWVOLIETF,ETF - Top 100,15.11,14.56,8.94,3.42,10,7,4,8.97,7,,1.28,71.1,11.1,14.29,YES
2023-06-01,NIFTYBEES,ETF - Top 50,202.99,15.62,9.0,1.78,8,6,5,8.8,8,,1.28,61.8,11.9,195.07,YES
2023-06-01,CPSEETF,ETF - CPSE,41.72,21.99,4.22,-1.49,6,11,10,8.24,9,YES,1.26,36.2,16.9,39.03,YES
2023-06-01,TNIDETF,ETF - Digital,57.28,7.15,7.41,5.76,13,8,2,6.77,10,,0.45,79.1,19.5,55.37,YES
2023-06-01,GOLDBEES,ETF - GOLD,50.99,16.23,2.6,-2.89,7,13,12,5.31,11,,1.38,36.4,11.4,48.27,YES
2023-06-01,SILVERBEES,ETF - SILVER,70.3,15.02,6.13,-6.45,9,10,13,4.9,12,,0.75,44.3,21.9,65.92,YES
2023-06-01,GILT5YBEES,ETF - Fixed Income,52.48,7.39,2.82,0.85,12,12,8,3.68,13,,2.41,80.0,3.0,50.8,YES
2023-07-03,PSUBNKBEES,ETF - PSU Bank,47.3,73.39,9.31,4.05,1,7,5,28.92,1,YES,2.15,67.6,27.4,42.39,YES
2023-07-03,ICICIB22,ETF - Bharat 22 Index,67.15,50.36,10.99,5.63,2,5,2,22.33,2,YES,3.41,72.2,12.2,59.74,YES
2023-07-03,FMCGIETF,ETF - FMCG,54.32,41.13,14.0,2.76,3,3,9,19.3,3,,2.89,72.9,12.2,48.13,YES
2023-07-03,CPSEETF,ETF - CPSE,44.18,39.06,7.91,5.72,4,9,1,17.57,4,YES,2.3,67.7,14.8,40.08,YES
2023-07-03,PVTBANIETF,ETF - Pvt Bank,22.92,37.41,8.27,2.92,5,8,8,16.2,5,YES,2.18,65.8,15.1,21.33,YES
2023-07-03,BANKBEES,ETF - Bank,459.73,35.34,7.65,2.7,6,10,10,15.23,6,YES,2.18,67.5,14.3,427.19,YES
2023-07-03,NIFTYBEES,ETF - Top 50,212.3,24.04,10.01,4.15,7,6,4,12.73,7,,2.02,77.3,11.0,197.75,YES
2023-07-03,JUNIORBEES,ETF - Next 50,464.73,20.19,14.13,3.74,9,2,6,12.68,8,,1.41,65.2,13.7,438.44,YES
2023-07-03,LOWVOLIETF,ETF - Top 100,15.66,21.58,11.06,3.71,8,4,7,12.12,9,,2.0,78.7,10.0,14.53,YES
2023-07-03,TNIDETF,ETF - Digital,60.65,13.3,18.09,4.93,12,1,3,12.11,10,,0.77,73.4,18.5,56.22,YES
2023-07-03,GILT5YBEES,ETF - Fixed Income,52.45,8.37,1.33,-0.21,13,11,11,3.16,11,,2.91,45.2,2.8,51.2,YES
2023-07-03,GOLDBEES,ETF - GOLD,49.56,13.51,-4.03,-3.43,11,12,12,2.02,12,,1.17,29.6,11.4,48.51,YES
2023-07-03,SILVERBEES,ETF - SILVER,68.5,15.46,-8.14,-4.17,10,13,13,1.05,13,,0.76,33.6,22.2,66.41,YES
2023-08-01,PSUBNKBEES,ETF - PSU Bank,51.06,65.94,15.83,5.71,1,1,4,29.16,1,YES,2.0,61.1,27.1,43.57,YES
2023-08-01,CPSEETF,ETF - CPSE,47.95,44.86,12.96,8.61,2,4,1,22.14,2,YES,2.69,82.2,14.1,40.98,YES
2023-08-01,ICICIB22,ETF - Bharat 22 Index,71.31,44.09,13.99,5.99,3,2,3,21.36,3,YES,3.11,83.7,12.0,61.32,YES
2023-08-01,SILVERBEES,ETF - SILVER,73.37,33.76,2.36,6.3,4,11,2,14.14,4,,1.43,67.1,22.1,67.71,YES
2023-08-01,LOWVOLIETF,ETF - Top 100,16.33,20.34,10.64,3.81,8,6,5,11.6,5,,1.92,74.2,9.9,14.74,YES
2023-08-01,PVTBANIETF,ETF - Pvt Bank,23.29,26.44,5.19,1.66,5,9,9,11.1,6,YES,1.68,67.5,14.6,21.61,YES
2023-08-01,FMCGIETF,ETF - FMCG,54.23,25.36,7.32,-0.18,6,8,13,10.83,7,,1.99,44.3,11.7,49.29,YES
2023-08-01,TNIDETF,ETF - Digital,62.55,15.41,13.27,3.15,11,3,7,10.61,8,,0.89,71.0,18.0,56.92,YES
2023-08-01,NIFTYBEES,ETF - Top 50,217.23,19.71,8.21,1.96,9,7,8,9.96,9,,1.72,65.1,10.8,200.16,YES
2023-08-01,BANKBEES,ETF - Bank,463.54,25.18,4.1,0.28,7,10,12,9.86,10,YES,1.69,65.5,13.9,432.14,YES
2023-08-01,JUNIORBEES,ETF - Next 50,479.27,13.1,10.65,3.32,12,5,6,9.02,11,,0.98,69.3,13.5,440.92,YES
2023-08-01,GOLDBEES,ETF - GOLD,50.69,16.26,-2.48,1.62,10,13,10,5.13,12,,1.42,62.7,11.0,48.9,YES
2023-08-01,GILT5YBEES,ETF - Fixed Income,52.59,6.74,0.32,0.29,13,12,11,2.45,13,,2.64,58.1,2.5,51.37,YES
2023-09-01,PSUBNKBEES,ETF - PSU Bank,50.48,52.69,10.73,1.9,1,2,5,21.77,1,YES,1.72,48.9,26.7,45.97,YES
2023-09-01,CPSEETF,ETF - CPSE,49.41,34.6,12.19,6.19,3,1,1,17.66,2,YES,2.18,68.4,14.1,42.52,YES
2023-09-01,ICICIB22,ETF - Bharat 22 Index,71.59,36.0,8.01,2.61,2,3,4,15.54,3,YES,2.59,61.4,12.2,63.42,YES
2023-09-01,SILVERBEES,ETF - SILVER,73.55,32.38,6.04,3.39,4,5,3,13.94,4,,1.4,86.8,21.8,69.01,YES
2023-09-01,TNIDETF,ETF - Digital,64.66,11.66,7.11,4.71,11,4,2,7.82,5,,0.71,64.7,17.8,58.54,YES
2023-09-01,PVTBANIETF,ETF - Pvt Bank,23.08,16.04,3.82,1.32,6,7,6,7.06,6,YES,1.12,59.7,14.2,22.02,YES
2023-09-01,FMCGIETF,ETF - FMCG,52.9,21.53,-1.1,-1.34,5,14,14,6.36,7,,1.73,48.2,11.6,50.18,YES
2023-09-01,LOWVOLIETF,ETF - Top 100,16.1,13.94,4.01,0.06,8,6,10,6.0,8,,1.41,43.9,9.6,15.1,YES
2023-09-01,BANKBEES,ETF - Bank,452.8,14.68,1.63,-0.21,7,10,11,5.36,9,YES,1.08,52.8,13.5,440.03,YES
2023-09-01,NIFTYBEES,ETF - Top 50,214.27,11.65,3.58,0.33,12,8,9,5.19,10,,1.11,49.2,10.4,204.58,YES
2023-09-01,GOLDBEES,ETF - GOLD,50.37,13.7,0.56,-0.34,9,13,12,4.64,11,,1.24,56.6,10.8,49.36,YES
2023-09-01,MNC,ETF - MNC,22.02,13.1,0.82,-1.08,10,11,13,4.28,12,,0.82,52.9,16.8,20.89,YES
2023-09-01,JUNIORBEES,ETF - Next 50,476.02,4.67,2.51,1.2,14,9,7,2.79,13,,0.41,53.4,13.2,449.17,YES
2023-09-01,GILT5YBEES,ETF - Fixed Income,52.85,6.57,0.67,0.55,13,12,8,2.6,14,,2.82,70.2,2.3,51.74,YES
2023-10-03,PSUBNKBEES,ETF - PSU Bank,59.8,82.87,18.02,18.46,1,2,1,39.79,1,YES,2.38,70.3,26.9,48.79,YES
2023-10-03,CPSEETF,ETF - CPSE,52.88,53.05,18.11,7.02,2,1,2,26.06,2,YES,3.02,50.3,14.5,44.3,YES
2023-10-03,ICICIB22,ETF - Bharat 22 Index,75.73,47.33,9.9,5.78,3,3,3,21.0,3,YES,3.36,53.8,11.8,65.74,YES
2023-10-03,TNIDETF,ETF - Digital,66.49,23.24,6.3,2.83,4,4,4,10.79,4,,1.3,41.5,17.2,59.94,YES
2023-10-03,LOWVOLIETF,ETF - Top 100,16.13,17.14,-0.62,0.19,8,7,9,5.57,5,,1.77,33.9,9.2,15.38,YES
2023-10-03,PVTBANIETF,ETF - Pvt Bank,22.99,17.18,-1.96,-0.39,7,10,12,4.94,6,YES,1.29,33.3,13.0,22.34,YES
2023-10-03,NIFTYBEES,ETF - Top 50,215.57,15.77,-1.79,0.61,9,9,5,4.86,7,,1.57,32.2,9.6,207.4,YES
2023-10-03,FMCGIETF,ETF - FMCG,52.96,18.32,-5.31,0.11,6,13,10,4.37,8,,1.58,38.0,11.0,51.07,YES
2023-10-03,BANKBEES,ETF - Bank,452.07,15.46,-3.64,-0.16,10,11,11,3.89,9,YES,1.22,32.5,12.4,445.5,YES
2023-10-03,MNC,ETF - MNC,22.09,12.47,-1.16,0.32,12,8,8,3.88,10,,0.77,38.9,17.1,21.2,YES
2023-10-03,JUNIORBEES,ETF - Next 50,478.28,6.87,1.74,0.47,14,5,6,3.03,11,,0.59,28.7,12.5,455.74,YES
2023-10-03,GILT5YBEES,ETF - Fixed Income,53.06,7.78,0.8,0.4,13,6,7,2.99,12,,3.49,65.5,2.2,52.0,YES
2023-10-03,GOLDBEES,ETF - GOLD,48.83,14.52,-4.4,-3.06,11,12,13,2.35,13,,1.33,22.9,10.6,49.61,NO
2023-10-03,SILVERBEES,ETF - SILVER,67.73,22.57,-9.4,-7.91,5,14,14,1.75,14,,1.05,36.1,21.5,69.85,NO
2023-11-01,CPSEETF,ETF - CPSE,52.71,42.15,12.1,-0.32,2,1,4,17.98,1,YES,2.48,48.2,14.6,45.78,YES
2023-11-01,PSUBNKBEES,ETF - PSU Bank,54.91,44.5,7.27,-8.18,1,2,14,14.53,2,YES,1.51,37.5,26.7,49.62,YES
2023-11-01,ICICIB22,ETF - Bharat 22 Index,73.53,33.52,6.35,-2.91,3,3,11,12.32,3,YES,2.58,35.7,11.5,67.27,YES
2023-11-01,GOLDBEES,ETF - GOLD,51.76,19.9,4.04,6.0,5,4,1,9.98,4,YES,1.83,83.0,10.2,49.98,YES
2023-11-01,SILVERBEES,ETF - SILVER,69.71,23.34,0.11,2.92,4,8,2,8.79,5,YES,1.15,51.1,20.0,69.94,NO
2023-11-01,FMCGIETF,ETF - FMCG,52.57,17.92,-1.02,-0.74,6,11,6,5.39,6,,1.63,29.9,10.5,51.3,YES
2023-11-01,TNIDETF,ETF - Digital,64.56,15.22,3.54,-2.9,7,5,10,5.29,7,,0.92,19.5,17.1,60.8,YES
2023-11-01,LOWVOLIETF,ETF - Top 100,16.05,14.89,-0.12,-0.5,8,10,5,4.76,8,,1.61,37.5,8.9,15.48,YES
2023-11-01,MNC,ETF - MNC,21.76,11.82,0.0,-1.49,9,9,7,3.44,9,,0.72,38.6,17.7,21.3,YES
2023-11-01,GILT5YBEES,ETF - Fixed Income,53.15,7.4,1.01,0.17,11,6,3,2.86,10,,3.46,67.2,2.1,52.21,YES
2023-11-01,NIFTYBEES,ETF - Top 50,209.99,9.09,-1.41,-2.59,10,12,8,1.7,11,,0.99,21.9,9.2,207.81,YES
2023-11-01,JUNIORBEES,ETF - Next 50,465.24,4.87,0.2,-2.73,14,7,9,0.78,12,,0.45,35.2,12.3,456.59,YES
2023-11-01,PVTBANIETF,ETF - Pvt Bank,22.12,5.64,-2.08,-3.78,12,13,13,-0.08,13,,0.52,25.9,11.8,22.29,NO
2023-11-01,BANKBEES,ETF - Bank,436.45,5.07,-2.25,-3.46,13,14,12,-0.21,14,,0.48,24.4,11.6,443.26,NO
2023-12-01,CPSEETF,ETF - CPSE,59.07,53.03,13.79,12.07,1,1,1,26.3,1,YES,3.0,94.3,14.6,47.7,YES
2023-12-01,ICICIB22,ETF - Bharat 22 Index,81.78,44.16,9.48,11.22,2,2,2,21.62,2,YES,3.2,87.9,11.7,69.19,YES
2023-12-01,SILVERBEES,ETF - SILVER,75.21,22.37,6.33,7.89,6,3,6,12.2,3,YES,1.12,79.6,19.8,70.18,YES
2023-12-01,TNIDETF,ETF - Digital,70.54,23.0,3.52,9.26,5,8,4,11.93,4,,1.33,78.6,16.6,62.44,YES
2023-12-01,PSUBNKBEES,ETF - PSU Bank,57.06,27.28,1.69,3.92,3,10,12,10.96,5,YES,1.05,59.2,26.2,50.4,YES
2023-12-01,LOWVOLIETF,ETF - Top 100,17.35,20.15,4.58,8.1,7,6,5,10.94,6,,2.13,87.7,8.8,15.7,YES
2023-12-01,FMCGIETF,ETF - FMCG,55.65,23.07,3.88,5.86,4,7,8,10.94,7,,2.03,78.9,10.5,51.99,YES
2023-12-01,JUNIORBEES,ETF - Next 50,515.56,13.98,5.43,10.82,10,5,3,10.07,8,,1.12,90.0,12.4,459.26,YES
2023-12-01,GOLDBEES,ETF - GOLD,53.29,18.32,6.32,2.96,8,4,13,9.2,9,YES,1.7,79.7,10.2,50.48,YES
2023-12-01,MNC,ETF - MNC,23.0,15.06,2.27,5.7,9,9,9,7.67,10,,0.88,72.7,17.7,21.48,YES
2023-12-01,NIFTYBEES,ETF - Top 50,223.75,10.92,0.53,6.55,11,12,7,6.0,11,,1.19,91.6,9.0,209.46,YES
2023-12-01,PVTBANIETF,ETF - Pvt Bank,23.22,7.45,-2.64,4.97,12,13,10,3.26,12,,0.66,66.4,12.0,22.36,YES
2023-12-01,GILT5YBEES,ETF - Fixed Income,53.55,6.74,0.89,0.75,13,11,14,2.79,13,,3.67,60.8,1.8,52.48,YES
2023-12-01,BANKBEES,ETF - Bank,456.5,4.9,-3.03,4.59,14,14,11,2.16,14,,0.47,70.3,11.6,443.17,YES
2024-01-01,CPSEETF,ETF - CPSE,67.17,78.88,23.07,13.71,1,1,1,38.55,1,YES,3.92,72.6,15.2,51.0,YES
2024-01-01,ICICIB22,ETF - Bharat 22 Index,91.63,61.86,19.33,12.04,2,2,3,31.08,2,YES,3.9,71.1,12.6,72.89,YES
2024-01-01,PSUBNKBEES,ETF - PSU Bank,64.02,39.81,12.81,12.2,3,5,2,21.61,3,YES,1.43,61.9,25.8,52.63,YES
2024-01-01,TNIDETF,ETF - Digital,75.15,36.34,11.88,6.54,4,6,10,18.25,4,YES,1.91,74.6,17.0,64.22,YES
2024-01-01,JUNIORBEES,ETF - Next 50,568.13,26.79,17.71,10.2,7,3,4,18.23,5,YES,1.91,69.9,12.9,474.66,YES
2024-01-01,LOWVOLIETF,ETF - Top 100,18.73,30.52,13.79,7.95,5,4,5,17.42,6,,3.08,85.0,8.8,16.1,YES
2024-01-01,FMCGIETF,ETF - FMCG,59.28,29.15,9.39,6.52,6,8,11,15.02,7,,2.52,87.0,10.4,52.82,YES
2024-01-01,NIFTYBEES,ETF - Top 50,240.35,21.05,9.97,7.42,9,7,7,12.82,8,,2.1,73.5,9.3,213.67,YES
2024-01-01,MNC,ETF - MNC,24.51,22.8,8.74,6.57,8,9,9,12.7,9,,1.3,71.0,17.0,21.85,YES
2024-01-01,BANKBEES,ETF - Bank,491.65,14.24,8.65,7.7,12,10,6,10.2,10,,1.15,60.8,12.3,450.53,YES
2024-01-01,PVTBANIETF,ETF - Pvt Bank,24.8,16.16,7.36,6.8,10,11,8,10.11,11,,1.26,57.4,12.5,22.73,YES
2024-01-01,GOLDBEES,ETF - GOLD,53.74,14.66,6.82,0.84,11,12,13,7.44,12,,1.36,77.7,10.5,50.67,YES
2024-01-01,GILT5YBEES,ETF - Fixed Income,54.24,7.75,2.24,1.29,14,14,12,3.76,13,,4.15,82.9,1.8,52.75,YES
2024-01-01,SILVERBEES,ETF - SILVER,72.48,8.31,3.84,-3.63,13,13,14,2.84,14,,0.5,64.0,19.9,69.87,YES
2024-02-01,CPSEETF,ETF - CPSE,74.76,91.2,30.97,11.17,1,1,2,44.45,1,YES,4.16,75.1,15.9,54.68,YES
2024-02-01,PSUBNKBEES,ETF - PSU Bank,71.82,52.91,27.57,12.71,3,2,1,31.06,2,YES,1.85,81.5,24.6,54.87,YES
2024-02-01,ICICIB22,ETF - Bharat 22 Index,96.11,64.18,22.68,5.15,2,3,3,30.67,3,YES,3.87,66.3,13.1,76.83,YES
2024-02-01,TNIDETF,ETF - Digital,77.82,42.01,11.36,4.22,4,6,4,19.2,4,YES,2.32,61.3,15.7,66.42,YES
2024-02-01,JUNIORBEES,ETF - Next 50,589.92,33.21,18.41,4.1,5,4,5,18.57,5,YES,2.34,61.4,12.6,494.96,YES
2024-02-01,LOWVOLIETF,ETF - Top 100,18.83,31.4,11.49,0.91,6,5,7,14.6,6,,3.03,56.9,9.2,16.63,YES
2024-02-01,MNC,ETF - MNC,24.54,24.7,8.92,0.29,8,8,9,11.3,7,,1.37,58.8,17.2,22.32,YES
2024-02-01,NIFTYBEES,ETF - Top 50,240.03,21.56,10.1,0.34,9,7,8,10.67,8,,2.07,52.2,9.6,218.85,YES
2024-02-01,FMCGIETF,ETF - FMCG,57.13,27.64,4.92,-3.3,7,10,11,9.75,9,,2.32,41.4,10.8,53.92,YES
2024-02-01,GOLDBEES,ETF - GOLD,53.46,9.64,3.09,-1.02,11,12,10,3.9,10,,0.94,60.4,10.3,51.67,YES
2024-02-01,BANKBEES,ETF - Bank,470.28,9.22,5.7,-3.46,12,9,12,3.82,11,,0.76,38.4,12.7,456.04,YES
2024-02-01,GILT5YBEES,ETF - Fixed Income,54.77,8.18,2.14,0.96,13,13,6,3.76,12,,4.5,90.2,1.8,53.19,YES
2024-02-01,PVTBANIETF,ETF - Pvt Bank,23.6,10.28,4.06,-3.75,10,11,13,3.53,13,,0.82,38.3,13.0,22.99,YES
2024-02-01,SILVERBEES,ETF - SILVER,69.98,3.54,-3.17,-4.15,14,14,14,-1.26,14,,0.28,44.6,19.5,71.55,NO
2024-03-01,CPSEETF,ETF - CPSE,81.58,109.02,25.62,5.16,1,1,3,46.6,1,YES,4.26,75.1,17.7,59.66,YES
2024-03-01,PSUBNKBEES,ETF - PSU Bank,78.44,91.08,22.54,6.66,2,2,1,40.1,2,YES,2.86,69.0,23.7,59.36,YES
2024-03-01,ICICIB22,ETF - Bharat 22 Index,102.58,75.26,14.78,4.31,3,3,4,31.45,3,YES,4.08,76.0,14.0,81.61,YES
2024-03-01,JUNIORBEES,ETF - Next 50,632.47,55.9,13.61,6.31,5,4,2,25.27,4,YES,3.84,78.4,11.8,521.18,YES
2024-03-01,HDFCSML250,ETF - SmallCap,150.85,61.37,8.44,-1.29,4,5,14,22.84,5,,3.64,65.4,13.4,128.41,YES
2024-03-01,TNIDETF,ETF - Digital,79.84,41.08,6.37,2.48,6,8,8,16.64,6,YES,2.31,65.5,15.4,68.99,YES
2024-03-01,LOWVOLIETF,ETF - Top 100,19.67,37.94,8.31,3.53,7,6,6,16.59,7,,3.54,69.9,9.2,17.23,YES
2024-03-01,MNC,ETF - MNC,25.52,31.28,7.18,4.25,8,7,5,14.24,8,,1.7,75.7,16.9,22.97,YES
2024-03-01,NIFTYBEES,ETF - Top 50,246.85,26.42,4.29,2.3,9,9,9,11.0,9,,2.49,71.9,9.6,224.31,YES
2024-03-01,FMCGIETF,ETF - FMCG,56.35,20.28,-0.63,-1.23,10,12,12,6.14,10,,1.79,64.1,10.6,54.79,YES
2024-03-01,BANKBEES,ETF - Bank,481.2,16.82,-1.51,2.55,11,13,7,5.95,11,,1.31,75.9,12.5,461.89,YES
2024-03-01,PVTBANIETF,ETF - Pvt Bank,23.67,14.9,-4.25,0.81,12,14,10,3.82,12,,1.11,74.7,13.4,23.19,YES
2024-03-01,GILT5YBEES,ETF - Fixed Income,54.95,8.34,1.55,0.24,14,10,11,3.38,13,,4.79,72.0,1.7,53.57,YES
2024-03-01,GOLDBEES,ETF - GOLD,52.9,9.61,0.59,-1.27,13,11,13,2.98,14,,0.99,52.1,9.8,51.95,YES
2024-03-01,SILVERBEES,ETF - SILVER,68.84,5.71,-4.89,-2.75,15,15,15,-0.64,15,,0.39,43.0,19.1,70.83,NO
2024-04-01,CPSEETF,ETF - CPSE,81.37,104.96,16.53,1.6,1,2,11,41.03,1,YES,3.78,42.8,19.5,62.96,YES
2024-04-01,PSUBNKBEES,ETF - PSU Bank,78.71,96.33,19.84,3.66,2,1,5,39.94,2,YES,2.99,41.4,23.5,62.42,YES
2024-04-01,ICICIB22,ETF - Bharat 22 Index,102.36,74.02,9.49,2.27,3,6,8,28.59,3,YES,3.72,43.6,15.2,84.92,YES
2024-04-01,JUNIORBEES,ETF - Next 50,655.78,64.73,12.58,5.55,5,3,4,27.62,4,YES,4.0,55.7,12.7,541.66,YES
2024-04-01,HDFCSML250,ETF - SmallCap,147.66,65.59,1.18,-1.42,4,12,15,21.78,5,,3.58,47.5,14.4,131.47,YES
2024-04-01,MNC,ETF - MNC,26.62,41.15,10.23,5.59,8,4,3,18.99,6,,2.26,65.6,15.8,23.51,YES
2024-04-01,TNIDETF,ETF - Digital,79.56,47.94,2.12,-0.11,6,9,14,16.65,7,YES,2.95,51.2,13.6,70.95,YES
2024-04-01,LOWVOLIETF,ETF - Top 100,19.77,42.44,4.33,1.75,7,8,10,16.17,8,,3.83,47.9,9.4,17.67,YES
2024-04-01,NIFTYBEES,ETF - Top 50,248.19,33.29,1.69,2.11,9,10,9,12.36,9,,3.12,48.8,9.4,228.21,YES
2024-04-01,GOLDBEES,ETF - GOLD,58.32,14.56,9.52,10.87,13,5,1,11.65,10,,1.42,73.2,9.9,52.4,YES
2024-04-01,BANKBEES,ETF - Bank,485.1,22.05,-1.1,3.42,10,13,6,8.12,11,,1.73,47.4,11.9,465.03,YES
2024-04-01,SILVERBEES,ETF - SILVER,74.03,9.53,5.38,8.85,14,7,2,7.92,12,,0.59,66.5,18.4,70.97,YES
2024-04-01,PVTBANIETF,ETF - Pvt Bank,23.71,20.05,-4.32,3.09,12,14,7,6.27,13,,1.48,46.2,12.9,23.24,YES
2024-04-01,FMCGIETF,ETF - FMCG,56.05,20.51,-4.37,0.27,11,15,13,5.47,14,,1.78,45.4,10.8,55.16,YES
2024-04-01,GILT5YBEES,ETF - Fixed Income,55.19,7.88,1.3,0.49,15,11,12,3.22,15,,4.73,59.0,1.6,53.85,YES
2024-05-02,CPSEETF,ETF - CPSE,88.13,115.11,12.44,8.31,1,4,1,45.29,1,YES,4.05,76.1,19.4,67.14,YES
2024-05-02,PSUBNKBEES,ETF - PSU Bank,84.16,96.09,9.63,6.92,2,6,3,37.55,2,YES,2.99,67.4,23.5,66.22,YES
2024-05-02,JUNIORBEES,ETF - Next 50,700.57,72.43,14.48,6.83,5,3,4,31.25,3,YES,4.33,75.5,12.8,566.95,YES
2024-05-02,ICICIB22,ETF - Bharat 22 Index,108.3,78.45,9.09,5.8,3,7,6,31.11,4,YES,3.86,68.8,15.3,88.89,YES
2024-05-02,HDFCSML250,ETF - SmallCap,159.13,73.68,6.87,7.77,4,9,2,29.44,5,,4.02,75.7,14.0,136.41,YES
2024-05-02,MNC,ETF - MNC,27.62,42.74,10.61,3.76,7,5,8,19.04,6,,2.32,70.8,15.9,24.19,YES
2024-05-02,TNIDETF,ETF - Digital,79.15,53.48,1.55,-0.52,6,12,14,18.17,7,YES,3.3,30.9,13.2,72.82,YES
2024-05-02,GOLDBEES,ETF - GOLD,60.85,18.64,16.79,4.34,10,1,7,13.26,8,,1.72,52.3,10.3,53.83,YES
2024-05-02,LOWVOLIETF,ETF - Top 100,19.52,38.15,0.67,-1.26,8,15,15,12.52,9,,3.5,45.3,9.4,18.07,YES
2024-05-02,NIFTYBEES,ETF - Top 50,250.84,30.07,3.85,1.07,9,11,12,11.66,10,,2.86,50.3,9.4,232.95,YES
2024-05-02,BANKBEES,ETF - Bank,501.31,17.78,7.32,3.34,12,8,9,9.48,11,,1.41,54.7,12.1,471.16,YES
2024-05-02,SILVERBEES,ETF - SILVER,78.43,6.07,15.47,5.94,15,2,5,9.16,12,,0.41,36.6,18.6,72.29,YES
2024-05-02,PVTBANIETF,ETF - Pvt Bank,24.4,15.75,6.23,2.91,13,10,10,8.3,13,,1.19,52.8,13.0,23.46,YES
2024-05-02,FMCGIETF,ETF - FMCG,56.66,17.99,1.4,1.09,11,13,11,6.83,14,,1.59,60.2,10.7,55.56,YES
2024-05-02,GILT5YBEES,ETF - Fixed Income,55.37,6.73,1.28,0.33,14,14,13,2.78,15,,3.97,67.1,1.6,54.09,YES
2024-06-03,CPSEETF,ETF - CPSE,98.67,132.88,29.3,11.28,1,1,2,57.82,1,YES,3.99,82.4,21.8,71.69,YES
2024-06-03,PSUBNKBEES,ETF - PSU Bank,89.71,102.46,19.5,7.5,2,4,3,43.15,2,YES,2.94,86.2,25.1,68.9,YES
2024-06-03,ICICIB22,ETF - Bharat 22 Index,115.85,84.98,19.1,7.39,3,5,4,37.15,3,YES,3.71,86.1,17.0,92.7,YES
2024-06-03,JUNIORBEES,ETF - Next 50,750.2,72.75,21.4,7.12,4,2,5,33.76,4,YES,4.0,83.0,13.9,595.49,YES
2024-06-03,HDFCSML250,ETF - SmallCap,160.45,64.23,14.72,1.09,5,7,11,26.68,5,,3.46,79.2,14.7,140.97,YES
2024-06-03,MNC,ETF - MNC,29.58,44.36,16.92,3.54,6,6,8,21.61,6,,2.23,65.8,17.1,25.09,YES
2024-06-03,SILVERBEES,ETF - SILVER,88.12,26.03,21.16,12.03,10,3,1,19.74,7,,1.24,64.7,20.2,75.06,YES
2024-06-03,LOWVOLIETF,ETF - Top 100,20.05,36.21,2.77,3.24,8,12,9,14.07,8,,3.12,68.3,10.1,18.4,YES
2024-06-03,TNIDETF,ETF - Digital,78.12,41.21,-0.98,-0.52,7,15,15,13.24,9,YES,2.63,55.7,13.5,74.42,YES
2024-06-03,NIFTYBEES,ETF - Top 50,258.14,28.42,5.88,3.77,9,11,7,12.69,10,,2.57,78.7,9.9,236.52,YES
2024-06-03,BANKBEES,ETF - Bank,522.61,17.34,10.25,4.79,12,8,6,10.79,11,,1.32,81.3,12.7,475.5,YES
2024-06-03,GOLDBEES,ETF - GOLD,60.59,17.81,8.72,0.18,11,9,14,8.9,12,,1.59,44.8,10.7,55.29,YES
2024-06-03,PVTBANIETF,ETF - Pvt Bank,24.96,12.58,7.12,2.89,13,10,10,7.53,13,,0.97,74.7,13.2,23.6,YES
2024-06-03,FMCGIETF,ETF - FMCG,56.58,11.71,0.5,0.25,14,14,13,4.15,14,,1.04,39.1,11.3,55.74,YES
2024-06-03,GILT5YBEES,ETF - Fixed Income,55.95,6.86,1.62,0.94,15,13,12,3.14,15,,3.95,68.8,1.7,54.43,YES
2024-07-01,CPSEETF,ETF - CPSE,93.94,116.35,11.11,2.41,1,5,10,43.29,1,YES,3.17,68.3,25.4,75.73,YES
2024-07-01,HDFCSML250,ETF - SmallCap,174.56,66.07,14.52,11.06,4,3,2,30.55,2,,3.34,82.9,15.6,146.61,YES
2024-07-01,JUNIORBEES,ETF - Next 50,767.87,65.75,16.18,6.66,5,2,8,29.53,3,YES,3.49,72.2,14.8,623.36,YES
2024-07-01,PSUBNKBEES,ETF - PSU Bank,81.67,80.21,5.75,-0.69,2,12,13,28.42,4,YES,2.24,50.3,28.1,71.44,YES
2024-07-01,ICICIB22,ETF - Bharat 22 Index,111.34,68.77,7.81,1.65,3,11,11,26.08,5,YES,2.66,68.7,20.5,95.99,YES
2024-07-01,TNIDETF,ETF - Digital,87.18,45.47,11.0,13.03,6,6,1,23.17,6,YES,2.81,99.3,13.7,76.0,YES
2024-07-01,MNC,ETF - MNC,31.01,41.66,16.27,7.15,7,1,5,21.7,7,,2.06,71.8,17.7,26.05,YES
2024-07-01,LOWVOLIETF,ETF - Top 100,20.83,35.26,8.21,7.21,8,9,4,16.89,8,,3.05,71.6,10.1,18.75,YES
2024-07-01,NIFTYBEES,ETF - Top 50,268.3,30.32,9.28,6.83,9,8,7,15.48,9,,2.57,91.7,10.5,240.7,YES
2024-07-01,BANKBEES,ETF - Bank,539.28,21.45,11.31,7.32,10,4,3,13.36,10,,1.52,86.9,13.4,483.34,YES
2024-07-01,PVTBANIETF,ETF - Pvt Bank,26.25,18.67,10.06,7.01,13,7,6,11.92,11,,1.27,83.9,14.2,23.91,YES
2024-07-01,FMCGIETF,ETF - FMCG,59.82,11.38,7.86,6.23,14,10,9,8.49,12,,0.94,39.7,12.3,56.32,YES
2024-07-01,SILVERBEES,ETF - SILVER,85.58,19.29,4.58,-5.54,12,13,15,6.11,13,,0.97,41.1,20.4,77.29,YES
2024-07-01,GOLDBEES,ETF - GOLD,60.55,19.83,-2.17,-1.21,11,15,14,5.49,14,,1.72,55.5,10.8,56.22,YES
2024-07-01,GILT5YBEES,ETF - Fixed Income,56.29,7.12,1.85,0.63,15,14,12,3.2,15,,3.69,58.9,1.9,54.76,YES
2024-08-01,CPSEETF,ETF - CPSE,106.17,137.15,14.57,11.08,1,2,1,54.26,1,YES,3.5,64.8,25.7,80.83,YES
2024-08-01,ICICIB22,ETF - Bharat 22 Index,121.11,75.75,10.98,7.59,2,7,3,31.44,2,YES,2.85,69.2,20.5,100.44,YES
2024-08-01,JUNIORBEES,ETF - Next 50,791.5,68.36,8.95,2.41,3,8,7,26.58,3,YES,3.55,51.3,15.0,653.8,YES
2024-08-01,HDFCSML250,ETF - SmallCap,178.98,61.24,12.54,2.04,5,5,8,25.27,4,,3.11,54.7,15.8,152.84,YES
2024-08-01,TNIDETF,ETF - Digital,92.17,47.35,15.59,5.1,6,1,5,22.68,5,YES,2.91,75.8,13.6,78.9,YES
2024-08-01,PSUBNKBEES,ETF - PSU Bank,81.77,61.38,1.79,1.18,4,13,11,21.45,6,YES,1.86,54.4,27.9,74.18,YES
2024-08-01,LOWVOLIETF,ETF - Top 100,22.06,35.92,12.84,5.6,8,4,4,18.12,7,,3.12,76.2,10.0,19.28,YES
2024-08-01,MNC,ETF - MNC,31.55,41.16,6.09,1.97,7,11,9,16.41,8,,2.14,51.6,16.8,27.07,YES
2024-08-01,NIFTYBEES,ETF - Top 50,278.33,26.8,11.45,3.0,9,6,6,13.75,9,,2.32,74.9,10.5,247.19,YES
2024-08-01,FMCGIETF,ETF - FMCG,65.22,16.61,14.06,9.1,10,3,2,13.26,10,,1.31,74.7,12.4,57.72,YES
2024-08-01,BANKBEES,ETF - Bank,528.75,12.7,7.5,-2.59,12,10,12,5.87,11,,0.96,37.3,13.4,492.95,YES
2024-08-01,PVTBANIETF,ETF - Pvt Bank,25.77,9.89,8.1,-2.72,14,9,13,5.09,12,,0.73,36.1,14.3,24.29,YES
2024-08-01,GILT5YBEES,ETF - Fixed Income,57.17,8.61,2.47,1.46,15,12,10,4.18,13,,4.3,81.8,1.9,55.15,YES
2024-08-01,GOLDBEES,ETF - GOLD,59.09,15.68,-5.65,-3.24,11,14,14,2.26,14,,1.32,33.3,11.6,56.86,YES
2024-08-01,SILVERBEES,ETF - SILVER,82.34,10.14,-9.55,-5.83,13,15,15,-1.75,15,,0.57,23.0,20.6,78.46,YES
2024-09-02,CPSEETF,ETF - CPSE,102.71,116.1,9.7,-1.72,1,2,11,41.36,1,YES,3.06,49.0,26.4,85.18,YES
2024-09-02,JUNIORBEES,ETF - Next 50,802.49,72.15,5.19,2.51,2,6,3,26.62,2,YES,3.58,77.6,15.5,679.58,YES
2024-09-02,TNIDETF,ETF - Digital,97.84,56.12,18.16,5.52,5,1,1,26.6,3,YES,3.24,89.1,14.1,81.79,YES
2024-09-02,ICICIB22,ETF - Bharat 22 Index,118.85,70.1,7.19,-0.1,3,4,9,25.73,4,YES,2.65,64.0,20.9,103.73,YES
2024-09-02,HDFCSML250,ETF - SmallCap,182.89,60.08,6.73,2.71,4,5,2,23.17,5,,2.95,75.0,16.4,157.78,YES
2024-09-02,MNC,ETF - MNC,31.49,43.53,2.24,0.93,7,7,6,15.57,6,,2.16,60.0,17.5,27.88,YES
2024-09-02,PSUBNKBEES,ETF - PSU Bank,78.26,53.9,-5.89,-2.66,6,11,12,15.12,7,YES,1.68,59.2,28.1,74.56,YES
2024-09-02,NIFTYBEES,ETF - Top 50,281.45,31.83,7.54,2.09,8,3,4,13.82,8,,2.6,84.5,10.9,252.2,YES
2024-09-02,GOLDBEES,ETF - GOLD,60.25,21.28,-1.28,0.97,9,10,5,6.99,9,,1.68,65.9,11.9,57.76,YES
2024-09-02,BANKBEES,ETF - Bank,527.41,17.71,-0.55,0.06,10,9,8,5.74,10,,1.27,63.7,13.6,497.37,YES
2024-09-02,GILT5YBEES,ETF - Fixed Income,57.39,8.94,2.08,0.09,12,8,7,3.7,11,,4.12,50.0,2.1,55.64,YES
2024-09-02,SILVERBEES,ETF - SILVER,80.89,16.0,-8.6,-1.4,11,12,10,2.0,12,,0.8,55.1,21.3,79.18,YES
2024-10-01,CPSEETF,ETF - CPSE,100.94,90.02,1.36,-1.32,1,11,11,30.02,1,YES,2.6,71.0,26.0,88.8,YES
2024-10-01,JUNIORBEES,ETF - Next 50,821.83,69.5,6.71,2.27,2,4,6,26.16,2,YES,3.5,73.2,15.4,710.63,YES
2024-10-01,ICICIB22,ETF - Bharat 22 Index,120.38,59.76,3.61,1.47,3,6,7,21.61,3,YES,2.35,80.4,20.9,107.52,YES
2024-10-01,HDFCSML250,ETF - SmallCap,186.42,52.65,7.06,1.41,4,2,8,20.37,4,YES,2.71,60.4,16.1,164.28,YES
2024-10-01,MNC,ETF - MNC,33.08,48.34,6.74,5.59,5,3,2,20.22,5,,2.39,76.5,17.1,28.78,YES
2024-10-01,TNIDETF,ETF - Digital,98.78,47.43,9.98,1.11,6,1,9,19.5,6,YES,2.8,52.3,14.2,85.4,YES
2024-10-01,NIFTYBEES,ETF - Top 50,288.27,31.27,5.81,2.33,8,5,5,13.13,7,,2.51,77.8,11.1,260.47,YES
2024-10-01,GOLDBEES,ETF - GOLD,63.59,26.22,2.43,5.35,9,8,3,11.33,8,,1.97,82.7,12.2,58.74,YES
2024-10-01,SILVERBEES,ETF - SILVER,87.67,23.34,1.59,8.88,10,10,1,11.27,9,,1.07,72.4,21.8,80.47,YES
2024-10-01,BANKBEES,ETF - Bank,544.36,17.65,1.74,2.76,11,9,4,7.38,10,,1.24,70.5,13.8,509.97,YES
2024-10-01,PSUBNKBEES,ETF - PSU Bank,75.39,31.39,-7.45,-3.12,7,12,12,6.94,11,,1.13,64.2,27.7,75.33,YES
2024-10-01,GILT5YBEES,ETF - Fixed Income,58.05,9.43,2.44,1.03,12,7,10,4.3,12,,3.67,60.3,2.5,56.12,YES
2024-11-01,CPSEETF,ETF - CPSE,92.18,75.31,-9.8,-6.91,1,12,10,19.54,1,YES,2.27,26.7,26.3,90.76,YES
2024-11-01,SILVERBEES,ETF - SILVER,94.27,32.92,13.72,4.91,8,1,1,17.18,2,,1.38,65.9,22.5,82.36,YES
2024-11-01,ICICIB22,ETF - Bharat 22 Index,113.48,54.27,-3.4,-2.95,3,8,7,15.97,3,YES,2.17,37.0,21.1,109.61,YES
2024-11-01,JUNIORBEES,ETF - Next 50,746.59,60.71,-6.3,-7.05,2,11,11,15.79,4,YES,3.04,15.7,16.1,728.41,YES
2024-11-01,GOLDBEES,ETF - GOLD,66.92,29.84,10.7,4.58,9,2,2,15.04,5,,2.22,79.9,12.1,59.97,YES
2024-11-01,HDFCSML250,ETF - SmallCap,178.22,48.08,-1.68,-2.61,4,5,6,14.6,6,YES,2.44,39.9,16.7,168.3,YES
2024-11-01,PSUBNKBEES,ETF - PSU Bank,74.86,41.89,-4.72,-0.53,6,9,5,12.21,7,,1.42,53.9,27.4,75.17,NO
2024-11-01,TNIDETF,ETF - Digital,92.71,42.52,-3.1,-4.24,5,7,9,11.72,8,YES,2.54,22.9,14.4,88.04,YES
2024-11-01,NIFTYBEES,ETF - Top 50,270.64,26.96,-2.11,-3.39,10,6,8,7.15,9,,2.18,21.9,11.3,264.38,YES
2024-11-01,BANKBEES,ETF - Bank,529.64,20.15,1.3,-0.05,11,3,4,7.13,10,,1.37,48.0,14.2,513.87,YES
2024-11-01,MNC,ETF - MNC,29.75,34.43,-5.59,-8.46,7,10,12,6.8,11,,1.85,16.4,16.7,29.35,YES
2024-11-01,GILT5YBEES,ETF - Fixed Income,58.08,9.61,0.96,0.43,12,4,3,3.66,12,,3.7,50.0,2.5,56.57,YES
2024-12-02,CPSEETF,ETF - CPSE,91.54,60.51,-6.18,-0.69,1,11,9,17.88,1,YES,1.91,48.3,26.6,92.28,NO
2024-12-02,JUNIORBEES,ETF - Next 50,759.95,52.88,-5.02,1.79,2,10,2,16.55,2,YES,2.64,57.7,16.6,735.0,YES
2024-12-02,TNIDETF,ETF - Digital,99.04,41.06,0.82,6.83,4,5,1,16.24,3,YES,2.4,66.9,14.8,89.65,YES
2024-12-02,ICICIB22,ETF - Bharat 22 Index,113.06,45.19,-2.56,-0.37,3,7,8,14.09,4,YES,1.84,48.6,21.5,111.15,YES
2024-12-02,PSUBNKBEES,ETF - PSU Bank,75.81,35.13,2.09,1.27,6,2,3,12.83,5,,1.22,47.9,27.9,76.82,NO
2024-12-02,HDFCSML250,ETF - SmallCap,179.13,37.23,-3.67,0.51,5,8,6,11.36,6,YES,1.92,53.2,17.3,170.59,YES
2024-12-02,MNC,ETF - MNC,29.42,30.99,-7.08,-1.11,7,12,10,7.6,7,,1.65,45.3,17.3,29.38,YES
2024-12-02,GOLDBEES,ETF - GOLD,63.76,22.9,3.37,-4.72,9,1,11,7.18,8,,1.62,44.3,13.2,60.71,YES
2024-12-02,NIFTYBEES,ETF - Top 50,271.38,24.26,-4.23,0.27,8,9,7,6.77,9,,1.91,52.4,11.7,265.21,YES
2024-12-02,BANKBEES,ETF - Bank,534.34,19.9,-1.18,0.89,11,6,5,6.54,10,,1.32,54.8,14.5,513.43,YES
2024-12-02,SILVERBEES,ETF - SILVER,86.04,20.2,1.27,-8.73,10,4,12,4.25,11,,0.91,42.4,23.3,83.09,YES
2024-12-02,GILT5YBEES,ETF - Fixed Income,58.8,9.8,1.64,1.24,12,3,4,4.23,12,,3.71,82.4,2.5,56.92,YES
2025-01-01,TNIDETF,ETF - Digital,99.79,33.78,3.35,0.62,1,1,1,12.58,1,YES,2.13,33.5,14.2,91.9,YES
2025-01-01,HDFCSML250,ETF - SmallCap,180.32,31.49,-1.67,-0.3,4,4,4,9.84,2,YES,1.69,30.9,17.0,171.63,YES
2025-01-01,GOLDBEES,ETF - GOLD,64.35,21.74,-1.27,0.45,6,3,2,6.97,3,,1.57,43.4,13.0,61.78,YES
2025-01-01,JUNIORBEES,ETF - Next 50,729.55,33.19,-8.0,-5.0,2,10,9,6.73,4,YES,1.82,12.5,16.5,743.03,NO
2025-01-01,CPSEETF,ETF - CPSE,85.64,32.59,-11.43,-7.5,3,12,12,4.56,5,YES,1.2,17.5,26.5,91.97,NO
2025-01-01,ICICIB22,ETF - Bharat 22 Index,108.01,22.6,-7.35,-5.56,5,9,10,3.23,6,YES,1.07,23.1,21.1,111.59,NO
2025-01-01,GILT5YBEES,ETF - Fixed Income,58.73,8.46,1.12,-0.14,11,2,3,3.15,7,,3.0,43.7,2.7,57.33,YES
2025-01-01,PSUBNKBEES,ETF - PSU Bank,72.83,16.58,-1.81,-6.04,8,6,11,2.91,8,,0.7,20.1,27.6,77.16,NO
2025-01-01,MNC,ETF - MNC,28.58,21.41,-9.24,-3.54,7,11,7,2.88,9,,1.24,18.0,16.9,29.44,NO
2025-01-01,NIFTYBEES,ETF - Top 50,265.59,13.21,-4.3,-2.71,10,7,5,2.07,10,,1.13,27.2,11.6,267.04,NO
2025-01-01,SILVERBEES,ETF - SILVER,83.85,14.64,-6.64,-4.31,9,8,8,1.23,11,,0.7,30.0,23.6,84.14,NO
2025-01-01,BANKBEES,ETF - Bank,524.92,7.52,-1.76,-2.82,12,5,6,0.98,12,,0.58,27.7,14.2,520.56,YES
2025-02-01,GOLDBEES,ETF - GOLD,68.95,30.79,5.54,6.72,1,1,1,14.35,1,YES,2.12,85.7,13.1,63.54,YES
2025-02-01,SILVERBEES,ETF - SILVER,90.11,28.51,1.89,4.86,2,2,2,11.75,2,,1.17,65.7,23.8,86.14,YES
2025-02-01,TNIDETF,ETF - Digital,93.26,20.2,-2.55,-6.31,3,6,11,3.78,3,YES,1.27,49.6,15.4,92.42,YES
2025-02-01,MNC,ETF - MNC,27.91,15.09,-2.1,-2.28,6,5,9,3.57,4,,0.9,56.6,17.2,29.27,NO
2025-02-01,GILT5YBEES,ETF - Fixed Income,59.2,8.48,1.47,0.59,11,3,3,3.52,5,,2.87,68.8,2.9,57.71,YES
2025-02-01,CPSEETF,ETF - CPSE,83.82,17.38,-6.62,-1.67,4,11,6,3.03,6,YES,0.72,53.4,27.5,90.71,NO
2025-02-01,NIFTYBEES,ETF - Top 50,262.13,11.0,-1.77,-0.89,8,4,5,2.78,7,,0.96,56.9,11.6,265.58,NO
2025-02-01,BANKBEES,ETF - Bank,508.43,11.13,-3.14,-0.61,7,7,4,2.46,8,,0.82,57.8,14.1,517.55,NO
2025-02-01,JUNIORBEES,ETF - Next 50,678.73,17.21,-6.55,-5.36,5,10,10,1.76,9,YES,0.98,51.8,17.9,733.62,NO
2025-02-01,ICICIB22,ETF - Bharat 22 Index,103.74,10.2,-6.94,-2.21,9,12,8,0.35,10,YES,0.56,53.1,21.6,110.11,NO
2025-02-01,PSUBNKBEES,ETF - PSU Bank,69.08,4.75,-4.87,-2.13,12,8,7,-0.75,11,,0.31,52.4,28.6,75.29,NO
2025-02-01,HDFCSML250,ETF - SmallCap,160.49,10.17,-5.71,-8.6,10,9,12,-1.38,12,,0.61,42.5,18.9,171.35,NO
2025-03-03,GOLDBEES,ETF - GOLD,71.36,36.08,12.7,3.5,1,1,1,17.42,1,YES,2.36,41.3,13.4,65.07,YES
2025-03-03,SILVERBEES,ETF - SILVER,91.41,32.92,10.2,1.44,2,2,2,14.85,2,,1.31,44.4,23.9,87.68,YES
2025-03-03,GILT5YBEES,ETF - Fixed Income,59.63,8.73,1.65,0.73,3,3,3,3.7,3,,2.62,52.9,3.2,58.1,YES
2025-03-03,BANKBEES,ETF - Bank,493.68,3.38,-5.27,-2.9,5,4,4,-1.59,4,,0.31,24.7,13.9,516.09,NO
2025-03-03,NIFTYBEES,ETF - Top 50,248.05,0.96,-6.1,-5.37,6,5,5,-3.5,5,,0.14,1.5,11.6,264.4,NO
2025-03-03,MNC,ETF - MNC,25.51,0.2,-10.74,-8.6,7,7,8,-6.38,6,,0.1,23.4,17.5,29.08,NO
2025-03-03,TNIDETF,ETF - Digital,83.18,4.09,-16.32,-10.81,4,11,11,-7.68,7,YES,0.33,4.8,16.2,92.02,NO
2025-03-03,CPSEETF,ETF - CPSE,76.83,-5.52,-10.46,-8.34,9,6,7,-8.11,8,YES,-0.08,36.0,26.7,89.08,NO
2025-03-03,ICICIB22,ETF - Bharat 22 Index,95.33,-5.95,-11.67,-8.11,10,8,6,-8.57,9,YES,-0.18,29.8,21.3,108.34,NO
2025-03-03,JUNIORBEES,ETF - Next 50,616.28,-2.11,-16.06,-9.2,8,10,9,-9.12,10,YES,-0.02,23.9,18.5,723.6,NO
2025-03-03,PSUBNKBEES,ETF - PSU Bank,62.71,-20.17,-14.28,-9.22,12,9,10,-14.56,11,,-0.67,25.3,27.7,73.84,NO
2025-03-03,HDFCSML250,ETF - SmallCap,138.44,-9.14,-22.33,-13.74,11,12,12,-15.07,12,,-0.39,17.4,19.7,167.88,NO
2025-04-01,GOLDBEES,ETF - GOLD,76.72,37.02,15.09,7.9,1,1,6,20.01,1,YES,2.38,79.5,13.6,66.32,YES
2025-04-01,SILVERBEES,ETF - SILVER,96.72,33.46,10.35,6.92,2,2,7,16.91,2,YES,1.33,63.3,23.8,89.17,YES
2025-04-01,CPSEETF,ETF - CPSE,86.39,9.66,0.63,12.84,4,5,1,7.71,3,YES,0.49,76.2,26.0,88.82,NO
2025-04-01,BANKBEES,ETF - Bank,521.86,9.4,4.93,5.06,5,3,8,6.47,4,,0.7,73.5,14.2,517.32,YES
2025-04-01,GILT5YBEES,ETF - Fixed Income,60.61,10.0,2.31,0.6,3,4,12,4.3,5,,2.92,87.7,3.3,58.48,YES
2025-04-01,ICICIB22,ETF - Bharat 22 Index,103.72,4.29,-1.53,9.57,10,8,3,4.11,6,YES,0.31,72.6,20.8,107.7,NO
2025-04-01,JUNIORBEES,ETF - Next 50,667.85,6.27,-4.02,9.11,7,9,4,3.79,7,YES,0.42,71.2,18.6,717.42,NO
2025-04-01,NIFTYBEES,ETF - Top 50,259.6,6.07,-0.07,4.49,8,6,9,3.5,8,,0.56,67.7,11.7,264.57,NO
2025-04-01,HDFCSML250,ETF - SmallCap,151.05,5.99,-10.19,8.24,9,11,5,1.35,9,,0.39,65.9,20.0,166.18,NO
2025-04-01,MNC,ETF - MNC,26.44,2.84,-5.13,3.28,11,10,10,0.33,10,,0.25,58.1,16.8,28.82,NO
2025-04-01,PSUBNKBEES,ETF - PSU Bank,69.39,-8.89,-1.1,10.2,12,7,2,0.07,11,,-0.2,69.3,27.7,73.05,NO
2025-04-01,TNIDETF,ETF - Digital,83.91,6.7,-11.48,0.93,6,12,11,-1.28,12,,0.47,54.6,16.9,91.03,NO
2025-05-02,GOLDBEES,ETF - GOLD,78.38,29.06,9.67,5.69,1,3,2,14.81,1,YES,1.84,64.3,14.5,68.53,YES
2025-05-02,BANKBEES,ETF - Bank,563.69,15.0,10.89,6.56,3,2,1,10.82,2,,1.0,78.2,15.0,525.46,YES
2025-05-02,NIFTYBEES,ETF - Top 50,271.77,9.61,5.23,3.25,6,7,4,6.03,3,,0.79,82.6,12.7,265.81,YES
2025-05-02,GILT5YBEES,ETF - Fixed Income,61.73,11.77,3.84,2.39,4,8,6,6.0,4,,3.23,71.1,3.5,59.02,YES
2025-05-02,CPSEETF,ETF - CPSE,87.84,3.4,12.07,0.88,7,1,11,5.45,5,YES,0.26,63.6,26.7,89.62,NO
2025-05-02,ICICIB22,ETF - Bharat 22 Index,105.8,1.36,8.4,1.37,10,4,8,3.71,6,YES,0.17,66.9,21.4,107.95,NO
2025-05-02,JUNIORBEES,ETF - Next 50,687.1,1.96,5.59,2.23,8,6,7,3.26,7,YES,0.2,70.9,19.3,715.41,NO
2025-05-02,SILVERBEES,ETF - SILVER,91.52,15.69,0.25,-6.23,2,11,12,3.24,8,YES,0.72,61.4,24.5,90.14,YES
2025-05-02,TNIDETF,ETF - Digital,86.36,10.1,-5.36,1.23,5,12,10,1.99,9,,0.62,72.0,18.3,90.53,NO
2025-05-02,MNC,ETF - MNC,27.36,1.45,0.48,2.63,9,10,5,1.52,10,,0.17,72.2,17.1,28.6,NO
2025-05-02,PSUBNKBEES,ETF - PSU Bank,72.57,-8.28,7.67,4.51,12,5,3,1.3,11,,-0.16,60.7,28.3,72.63,NO
2025-05-02,HDFCSML250,ETF - SmallCap,153.98,-1.67,1.7,1.26,11,9,9,0.43,12,,0.02,66.5,20.9,164.87,NO
2025-06-02,GOLDBEES,ETF - GOLD,80.52,32.0,9.51,1.18,1,10,11,14.23,1,YES,1.9,58.3,15.3,70.28,YES
2025-06-02,HDFCSML250,ETF - SmallCap,170.37,6.82,19.76,9.1,6,2,2,11.89,2,YES,0.42,87.8,21.3,164.15,YES
2025-06-02,BANKBEES,ETF - Bank,573.52,13.86,15.66,1.99,2,3,9,10.5,3,,0.93,68.1,15.2,530.86,YES
2025-06-02,PSUBNKBEES,ETF - PSU Bank,79.54,-4.15,24.28,9.17,12,1,1,9.77,4,,-0.0,89.8,28.5,72.36,YES
2025-06-02,TNIDETF,ETF - Digital,89.5,12.02,10.56,2.22,3,7,8,8.26,5,,0.68,52.4,19.4,90.6,NO
2025-06-02,NIFTYBEES,ETF - Top 50,277.6,8.98,10.08,1.17,5,9,12,6.74,6,,0.71,55.4,13.3,267.91,YES
2025-06-02,GILT5YBEES,ETF - Fixed Income,62.52,11.56,4.5,1.23,4,11,10,5.76,7,,3.19,89.7,3.5,59.72,YES
2025-06-02,CPSEETF,ETF - CPSE,91.8,-1.66,12.47,4.02,9,5,3,4.94,8,YES,0.07,66.3,26.2,90.03,YES
2025-06-02,JUNIORBEES,ETF - Next 50,717.54,-2.53,12.9,2.74,10,4,7,4.37,9,YES,-0.03,65.7,19.7,711.7,YES
2025-06-02,ICICIB22,ETF - Bharat 22 Index,109.74,-1.14,10.67,2.83,8,6,6,4.12,10,YES,0.05,63.9,21.3,107.93,YES
2025-06-02,MNC,ETF - MNC,28.67,-3.01,10.44,3.84,11,8,4,3.76,11,,-0.11,65.8,16.2,28.47,YES
2025-06-02,SILVERBEES,ETF - SILVER,94.62,6.35,-1.93,3.51,7,12,5,2.64,12,,0.38,53.9,23.3,89.56,YES
2025-07-01,SILVERBEES,ETF - SILVER,103.42,21.29,11.2,6.44,2,2,1,12.98,1,YES,0.95,51.9,23.2,92.2,YES
2025-07-01,GOLDBEES,ETF - GOLD,81.05,34.06,-0.02,0.1,1,12,11,11.38,2,YES,1.98,51.7,15.4,72.61,YES
2025-07-01,TNIDETF,ETF - Digital,94.3,11.96,10.28,5.68,3,3,2,9.31,3,YES,0.68,53.6,19.3,91.95,YES
2025-07-01,HDFCSML250,ETF - SmallCap,178.46,4.09,12.66,4.53,7,1,3,7.09,4,YES,0.3,56.2,20.7,167.03,YES
2025-07-01,NIFTYBEES,ETF - Top 50,286.84,8.24,6.36,4.01,6,6,4,6.2,5,,0.69,61.2,12.7,271.09,YES
2025-07-01,BANKBEES,ETF - Bank,591.16,9.39,4.4,3.72,5,8,5,5.84,6,,0.7,62.1,14.2,540.32,YES
2025-07-01,GILT5YBEES,ETF - Fixed Income,62.55,11.18,1.62,0.06,4,11,12,4.29,7,,3.13,56.8,3.4,60.27,YES
2025-07-01,PSUBNKBEES,ETF - PSU Bank,81.04,-1.18,9.25,2.17,10,4,9,3.41,8,,0.07,58.3,24.4,72.91,YES
2025-07-01,CPSEETF,ETF - CPSE,94.21,1.4,4.21,3.49,8,9,6,3.04,9,YES,0.17,52.2,21.6,89.81,YES
2025-07-01,MNC,ETF - MNC,29.37,-3.99,7.27,2.8,12,5,8,2.03,10,,-0.2,56.8,15.0,28.59,YES
2025-07-01,JUNIORBEES,ETF - Next 50,736.48,-2.98,5.49,3.15,11,7,7,1.89,11,,-0.07,51.3,18.8,716.38,YES
2025-07-01,ICICIB22,ETF - Bharat 22 Index,110.57,-0.14,2.9,1.53,9,10,10,1.43,12,,0.08,43.1,17.1,107.98,YES
2025-08-01,SILVERBEES,ETF - SILVER,105.71,32.14,12.43,1.74,2,1,1,15.44,1,YES,1.32,36.3,23.2,96.04,YES
2025-08-01,GOLDBEES,ETF - GOLD,81.95,40.45,3.07,1.31,1,2,2,14.94,2,YES,2.33,50.6,15.1,74.83,YES
2025-08-01,GILT5YBEES,ETF - Fixed Income,62.7,9.96,0.48,-0.11,3,7,3,3.44,3,YES,2.83,53.8,3.4,60.82,YES
2025-08-01,BANKBEES,ETF - Bank,573.73,8.6,1.02,-2.15,4,6,5,2.49,4,,0.65,36.5,14.1,550.12,YES
2025-08-01,NIFTYBEES,ETF - Top 50,277.35,0.09,-0.37,-3.06,5,9,6,-1.11,5,,0.07,32.3,12.6,273.6,YES
2025-08-01,TNIDETF,ETF - Digital,90.35,-2.21,0.47,-4.46,6,8,9,-2.07,6,YES,-0.02,36.1,19.2,92.17,NO
2025-08-01,MNC,ETF - MNC,29.2,-7.71,2.42,-1.15,8,3,4,-2.15,7,,-0.46,40.6,15.0,28.87,YES
2025-08-01,HDFCSML250,ETF - SmallCap,169.9,-5.95,2.24,-4.65,7,4,11,-2.78,8,YES,-0.19,24.6,20.6,169.33,YES
2025-08-01,PSUBNKBEES,ETF - PSU Bank,75.72,-8.65,1.22,-5.01,9,5,12,-4.15,9,,-0.25,35.4,24.2,74.21,YES
2025-08-01,JUNIORBEES,ETF - Next 50,711.2,-9.89,-0.92,-3.32,10,10,7,-4.71,10,,-0.47,30.2,18.5,720.89,NO
2025-08-01,ICICIB22,ETF - Bharat 22 Index,106.56,-11.3,-2.84,-3.46,11,11,8,-5.87,11,,-0.62,31.2,16.9,108.44,NO
2025-08-01,CPSEETF,ETF - CPSE,89.66,-13.96,-3.26,-4.53,12,12,10,-7.25,12,,-0.61,20.4,21.0,90.47,NO
2025-09-01,SILVERBEES,ETF - SILVER,118.59,41.2,13.89,10.94,2,1,1,22.01,1,YES,1.61,69.2,23.1,98.59,YES
2025-09-01,GOLDBEES,ETF - GOLD,86.61,43.04,4.61,5.36,1,3,2,17.67,2,YES,2.45,65.6,15.1,76.39,YES
2025-09-01,GILT5YBEES,ETF - Fixed Income,62.36,8.38,-0.1,-0.49,3,8,7,2.6,3,YES,2.39,33.3,3.4,61.13,YES
2025-09-01,MNC,ETF - MNC,30.21,-4.88,6.22,3.11,8,2,3,1.48,4,,-0.27,74.3,14.7,28.69,YES
2025-09-01,BANKBEES,ETF - Bank,557.94,6.09,-2.13,-3.31,4,11,12,0.22,5,,0.49,38.1,13.9,553.36,YES
2025-09-01,NIFTYBEES,ETF - Top 50,278.18,-0.19,0.1,-0.39,5,7,5,-0.16,6,,0.05,57.5,12.3,273.33,YES
2025-09-01,TNIDETF,ETF - Digital,93.32,-3.69,1.41,1.57,7,5,4,-0.24,7,YES,-0.1,66.7,18.9,91.81,YES
2025-09-01,PSUBNKBEES,ETF - PSU Bank,76.1,-2.42,1.2,-0.57,6,6,8,-0.6,8,,0.02,46.0,23.8,75.11,YES
2025-09-01,JUNIORBEES,ETF - Next 50,716.46,-10.32,1.55,-0.47,11,4,6,-3.08,9,,-0.51,58.8,18.2,713.1,YES
2025-09-01,HDFCSML250,ETF - SmallCap,168.78,-7.66,-0.25,-2.04,9,9,11,-3.32,10,YES,-0.29,56.3,20.3,168.21,YES
2025-09-01,ICICIB22,ETF - Bharat 22 Index,106.35,-10.29,-1.77,-1.1,10,10,9,-4.39,11,,-0.58,45.3,16.3,107.86,NO
2025-09-01,CPSEETF,ETF - CPSE,89.02,-13.79,-3.28,-1.72,12,12,10,-6.26,12,,-0.65,43.5,19.8,89.68,NO
2025-10-01,SILVERBEES,ETF - SILVER,139.87,57.17,27.89,17.58,1,1,1,34.21,1,YES,2.04,80.8,23.5,103.85,YES
2025-10-01,GOLDBEES,ETF - GOLD,97.63,53.1,18.87,11.09,2,2,2,27.69,2,YES,2.82,78.6,15.5,79.53,YES
2025-10-01,PSUBNKBEES,ETF - PSU Bank,83.75,10.37,5.29,8.6,3,3,3,8.09,3,YES,0.54,74.3,23.6,76.33,YES
2025-10-01,GILT5YBEES,ETF - Fixed Income,63.2,8.72,0.72,1.35,4,6,7,3.6,4,YES,2.76,84.0,3.0,61.5,YES
2025-10-01,BANKBEES,ETF - Bank,571.39,2.5,-2.51,2.29,5,11,6,0.76,5,YES,0.25,58.0,13.8,558.06,YES
2025-10-01,ICICIB22,ETF - Bharat 22 Index,111.02,-7.52,1.52,2.81,9,5,4,-1.07,6,,-0.41,72.9,16.1,108.26,YES
2025-10-01,NIFTYBEES,ETF - Top 50,280.51,-3.79,-0.62,0.56,6,9,9,-1.28,7,,-0.26,44.1,12.2,275.83,YES
2025-10-01,MNC,ETF - MNC,30.53,-6.98,2.73,0.07,7,4,10,-1.4,8,,-0.43,35.4,14.5,29.14,YES
2025-10-01,CPSEETF,ETF - CPSE,92.74,-8.46,-0.38,2.79,10,7,5,-2.01,9,,-0.35,66.5,19.5,90.05,YES
2025-10-01,JUNIORBEES,ETF - Next 50,731.26,-10.82,-0.44,1.02,12,8,8,-3.41,10,,-0.54,51.2,18.2,721.24,YES
2025-10-01,TNIDETF,ETF - Digital,90.99,-7.48,-1.89,-2.72,8,10,12,-4.03,11,,-0.31,36.8,19.2,93.2,NO
2025-10-01,HDFCSML250,ETF - SmallCap,169.89,-8.46,-5.65,-0.78,11,12,11,-4.96,12,,-0.33,42.7,20.4,170.04,NO
2025-12-01,FINIETF,ETF - Fin Services Ex-Bank,32.81,27.62,7.43,3.53,1,1,3,12.86,1,YES,1.37,60.9,19.1,29.76,YES
2025-12-01,AUTOBEES,ETF - Auto,287.86,20.25,2.54,4.39,3,16,2,9.06,2,YES,1.13,69.7,17.7,256.86,YES
2025-12-01,BFSI,ETF - Fin Services,28.76,16.82,4.85,2.46,4,5,8,8.04,3,YES,1.21,64.3,13.6,26.94,YES
2025-12-01,PVTBANIETF,ETF - Pvt Bank,29.0,13.73,6.54,2.62,6,2,6,7.63,4,YES,1.04,76.7,13.2,27.18,YES
2025-12-01,MODEFENCE,ETF - Defence,87.99,25.54,-3.93,-1.32,2,31,27,6.76,5,YES,0.93,35.3,28.9,83.67,YES
2025-12-01,METALIETF,ETF - Metal,10.4,16.72,4.42,-2.62,5,6,30,6.17,6,,0.81,39.4,21.9,9.59,YES
2025-12-01,OILIETF,ETF - Oil and Gas,12.2,10.91,6.46,0.66,9,3,19,6.01,7,,0.71,48.5,16.6,11.43,YES
2025-12-01,INFRAIETF,ETF - Infrastructure,98.85,11.27,4.14,0.63,8,7,20,5.35,8,,0.82,64.1,14.3,92.6,YES
2025-12-01,TOP10ADD,ETF - Top 10,101.48,6.13,5.38,2.26,17,4,9,4.59,9,,0.56,80.0,11.9,96.4,YES
2025-12-01,ESG,ETF - Nifty 100 ESG Sector Leaders,44.48,9.26,2.39,1.74,13,17,14,4.46,10,,0.76,65.4,12.7,42.2,YES
2025-12-01,LOWVOLIETF,ETF - Top 100,23.11,9.32,1.85,1.9,12,18,12,4.36,11,,0.89,69.4,10.6,21.99,YES
2025-12-01,COMMOIETF,ETF - Commodities,93.86,11.62,2.87,-1.75,7,13,28,4.25,12,,0.78,42.4,15.7,89.11,YES
2025-12-01,MID150BEES,ETF - MidCap,230.91,8.23,2.61,1.66,15,15,16,4.17,13,,0.57,55.8,16.4,217.87,YES
2025-12-01,PHARMABEES,ETF - Pharma,23.49,4.82,3.12,3.39,20,12,4,3.78,14,,0.38,70.4,15.4,22.55,YES
2025-12-01,MAKEINDIA,ETF - Manufacturing,155.46,9.86,0.9,0.47,10,23,22,3.74,15,,0.68,50.0,15.6,146.11,YES
2025-12-01,HDFCGROWTH,ETF - Nifty Growth Sectors 15,129.08,4.71,2.84,3.29,21,14,5,3.61,16,,0.41,67.6,13.4,121.59,YES
2025-12-01,HEALTHIETF,ETF - Healthcare,152.61,7.0,1.56,1.31,16,19,17,3.29,17,,0.52,59.7,15.1,147.66,YES
2025-12-01,LTGILTBEES,ETF - Fixed Income,29.15,8.32,1.0,0.48,14,22,21,3.27,18,,3.08,48.0,2.6,28.66,YES
2025-12-01,CONSUMBEES,ETF - Consumption,138.22,9.76,-0.09,0.12,11,25,25,3.26,19,,0.78,57.6,13.0,131.71,YES
2025-12-01,LIQUIDCASE,ETF - Liquid Assets,111.62,5.72,1.05,0.39,18,21,23,2.39,20,,20.18,100.0,0.3,109.65,YES
2025-12-01,MULTICAP,ETF - Multicap,16.65,5.51,1.15,0.3,19,20,24,2.32,21,,0.44,55.6,14.4,15.95,YES
2025-12-01,DIVOPPBEES,ETF - Dividend Opportunities 50,81.88,-1.9,4.03,1.74,24,8,13,1.29,22,,-0.09,64.6,12.9,78.24,YES
2025-12-01,GROWWEV,ETF - EV and New Age Automotive,31.5,3.01,-1.35,1.68,22,28,15,1.11,23,,0.26,59.3,17.5,29.86,YES
2025-12-01,MOM30IETF,ETF - Top 200,32.66,-5.17,3.81,2.22,27,10,11,0.29,24,,-0.21,63.1,17.6,31.16,YES
2025-12-01,MOMENTUM50,ETF - Top 500,54.35,-6.18,3.92,2.24,29,9,10,-0.01,25,,-0.23,60.2,19.4,51.95,YES
2025-12-01,ALPHA,ETF - Alpha,50.01,-5.48,0.06,2.58,28,24,7,-0.95,26,,-0.16,58.2,21.3,48.4,YES
2025-12-01,MIDSMALL,ETF - MidSmallCap,49.43,-3.34,-0.64,1.08,26,27,18,-0.97,27,,-0.08,55.2,19.1,48.18,YES
2025-12-01,ABSLPSE,ETF - PSE,10.05,-0.89,-0.3,-2.52,23,26,29,-1.24,28,,0.04,33.8,18.4,9.84,YES
2025-12-01,ITBEES,ETF - IT,41.18,-13.23,3.55,4.92,31,11,1,-1.59,29,,-0.59,65.7,20.5,40.49,YES
2025-12-01,FMCGIETF,ETF - FMCG,59.29,-2.5,-1.4,-1.0,25,29,26,-1.63,30,,-0.14,46.7,12.5,58.96,YES
2025-12-01,MOREALTY,ETF - Realty,89.56,-13.05,-2.6,-5.65,30,30,31,-7.1,31,,-0.39,30.5,26.6,91.71,NO
2026-01-01,METALIETF,ETF - Metal,11.31,29.26,10.56,9.91,1,1,1,16.58,1,YES,1.28,90.9,22.0,9.83,YES
2026-01-01,AUTOBEES,ETF - Auto,292.8,23.98,5.0,3.0,3,5,3,10.66,2,YES,1.31,66.2,17.5,259.31,YES
2026-01-01,FINIETF,ETF - Fin Services Ex-Bank,32.64,27.3,2.48,1.21,2,10,10,10.33,3,YES,1.36,54.9,19.1,30.15,YES
2026-01-01,COMMOIETF,ETF - Commodities,97.39,18.26,3.96,4.91,4,6,2,9.05,4,,1.16,78.0,15.6,90.09,YES
2026-01-01,OILIETF,ETF - Oil and Gas,12.4,15.35,5.17,2.82,8,4,4,7.78,5,,0.95,72.6,16.6,11.52,YES
2026-01-01,INFRAIETF,ETF - Infrastructure,99.5,14.2,2.58,1.66,9,8,8,6.14,6,,1.01,64.8,14.2,93.33,YES
2026-01-01,BFSI,ETF - Fin Services,28.59,17.22,0.6,0.03,5,19,20,5.95,7,YES,1.26,54.0,13.3,27.23,YES
2026-01-01,PVTBANIETF,ETF - Pvt Bank,29.03,15.98,1.43,0.17,7,14,18,5.86,8,YES,1.2,54.7,13.0,27.39,YES
2026-01-01,MAKEINDIA,ETF - Manufacturing,156.92,11.71,1.96,2.02,10,12,7,5.23,9,,0.79,68.3,15.6,146.89,YES
2026-01-01,ESG,ETF - Nifty 100 ESG Sector Leaders,44.55,10.99,1.53,0.91,11,13,12,4.47,10,,0.9,63.6,12.4,42.42,YES
2026-01-01,LOWVOLIETF,ETF - Top 100,23.18,10.49,1.18,0.7,12,16,16,4.12,11,,1.02,57.5,10.3,22.05,YES
2026-01-01,MODEFENCE,ETF - Defence,84.86,17.19,-5.03,-1.08,6,30,25,3.69,12,,0.69,60.4,29.0,83.38,YES
2026-01-01,HDFCGROWTH,ETF - Nifty Growth Sectors 15,130.38,6.48,3.61,0.91,16,7,13,3.67,13,,0.55,58.6,13.0,121.68,YES
2026-01-01,DIVOPPBEES,ETF - Dividend Opportunities 50,83.34,2.72,5.31,2.57,22,3,6,3.53,14,,0.28,70.1,12.6,78.43,YES
2026-01-01,TOP10ADD,ETF - Top 10,101.27,7.72,2.54,0.05,14,9,19,3.44,15,,0.7,51.5,11.6,96.99,YES
2026-01-01,MID150BEES,ETF - MidCap,230.69,6.46,2.15,0.98,17,11,11,3.2,16,,0.46,63.6,16.4,217.82,YES
2026-01-01,ABSLPSE,ETF - PSE,10.19,5.49,0.2,2.62,19,22,5,2.77,17,,0.38,73.0,18.3,9.82,YES
2026-01-01,GROWWEV,ETF - EV and New Age Automotive,31.56,5.31,1.19,1.48,20,15,9,2.66,18,,0.38,61.9,17.5,29.74,YES
2026-01-01,LTGILTBEES,ETF - Fixed Income,29.18,7.28,0.52,0.0,15,20,21,2.6,19,,2.59,59.1,2.7,28.77,YES
2026-01-01,LIQUIDCASE,ETF - Liquid Assets,112.09,5.58,0.97,0.39,18,17,17,2.31,20,,20.46,100.0,0.3,110.15,YES
2026-01-01,MULTICAP,ETF - Multicap,16.62,5.06,0.3,0.79,21,21,15,2.05,21,,0.42,66.0,14.4,15.92,YES
2026-01-01,CONSUMBEES,ETF - Consumption,135.89,8.1,-3.05,-0.93,13,28,23,1.37,22,,0.67,56.4,12.9,131.42,YES
2026-01-01,ITBEES,ETF - IT,41.97,-10.49,8.79,0.82,29,2,14,-0.3,23,,-0.44,51.8,20.3,39.93,YES
2026-01-01,PHARMABEES,ETF - Pharma,23.2,-0.85,0.96,-1.07,24,18,24,-0.32,24,,0.02,45.1,15.2,22.51,YES
2026-01-01,HEALTHIETF,ETF - Healthcare,149.7,0.07,-2.3,-1.55,23,25,27,-1.26,25,,0.08,46.1,15.0,146.95,YES
2026-01-01,MOM30IETF,ETF - Top 200,31.81,-6.66,-2.06,-1.18,26,23,26,-3.3,26,,-0.31,50.9,17.4,30.9,YES
2026-01-01,FMCGIETF,ETF - FMCG,57.51,-3.13,-4.63,-2.21,25,29,30,-3.32,27,,-0.19,40.6,12.5,58.55,NO
2026-01-01,MIDSMALL,ETF - MidSmallCap,47.72,-8.05,-2.27,-1.97,27,24,29,-4.1,28,,-0.34,48.9,19.1,47.53,YES
2026-01-01,MOMENTUM50,ETF - Top 500,52.4,-9.87,-2.55,-1.71,28,27,28,-4.71,29,,-0.45,48.9,19.2,51.36,YES
2026-01-01,ALPHA,ETF - Alpha,48.2,-11.25,-2.33,-2.27,30,26,31,-5.28,30,,-0.45,54.2,21.3,47.77,YES
2026-01-01,MOREALTY,ETF - Realty,88.44,-17.35,-5.61,-0.09,31,31,22,-7.69,31,,-0.59,56.2,26.3,89.79,NO
